kmeans_cluster,reproduction_rate,new_vaccinations_smoothed,new_vaccinations_smoothed_per_million,stringency_index,population_density,diabetes_prevalence
0,0.9285838274690075,1368362.4990089328,2243.475967205167,53.10483477467378,788.0256,11.872
1,0.9917744131697892,83573.64907560669,2054.8439995956737,46.92716049430389,113.00053333333335,7.0469333333333335
2,0.6081732904785108,13569.598051433348,648.7466737840706,29.88844188542106,69.48844444444444,3.4722222222222223
